{"stats":{"minecraft:custom":{"minecraft:interact_with_crafting_table":13,"minecraft:time_since_rest":9441,"minecraft:walk_one_cm":172844,"minecraft:leave_game":19,"minecraft:walk_under_water_one_cm":3993,"minecraft:damage_taken":2151,"minecraft:mob_kills":16,"minecraft:play_time":122104,"minecraft:damage_dealt":2052,"minecraft:jump":855,"minecraft:time_since_death":0,"minecraft:drop":3,"minecraft:interact_with_furnace":23,"minecraft:sprint_one_cm":255459,"minecraft:fall_one_cm":19146,"minecraft:total_world_time":122104,"minecraft:swim_one_cm":16769,"minecraft:fly_one_cm":241660,"minecraft:walk_on_water_one_cm":1698,"minecraft:crouch_one_cm":3075,"minecraft:sneak_time":572,"minecraft:deaths":6},"minecraft:mined":{"minecraft:granite":28,"minecraft:dirt":29,"minecraft:spruce_log":12,"minecraft:andesite":1,"minecraft:coal_ore":59,"minecraft:grass_block":64,"minecraft:cobblestone":1,"minecraft:spruce_leaves":10,"minecraft:short_grass":9,"minecraft:wall_torch":2,"minecraft:brown_mushroom":1,"minecraft:furnace":2,"minecraft:poppy":1,"minecraft:crafting_table":2,"minecraft:iron_ore":17,"minecraft:copper_ore":7,"minecraft:stone":119},"minecraft:crafted":{"minecraft:stone_sword":1,"minecraft:furnace":3,"minecraft:iron_ingot":13,"minecraft:cooked_rabbit":3,"minecraft:stone_pickaxe":2,"minecraft:iron_chestplate":1,"minecraft:crafting_table":4,"minecraft:torch":24,"minecraft:stick":32,"minecraft:wooden_pickaxe":1,"minecraft:cooked_porkchop":6,"minecraft:spruce_planks":36,"minecraft:iron_pickaxe":1,"minecraft:iron_sword":1,"minecraft:air":0},"minecraft:killed":{"minecraft:zombie":2,"minecraft:skeleton":3,"minecraft:creeper":1,"minecraft:rabbit":3,"minecraft:pig":5,"minecraft:spider":1},"minecraft:used":{"minecraft:cooked_rabbit":1,"minecraft:iron_pickaxe":17,"minecraft:wooden_pickaxe":7,"minecraft:iron_sword":58,"minecraft:cobblestone":18,"minecraft:rotten_flesh":1,"minecraft:crafting_table":4,"minecraft:furnace":4,"minecraft:cooked_porkchop":5,"minecraft:granite":3,"minecraft:torch":25,"minecraft:stone_pickaxe":223,"minecraft:dirt":63},"minecraft:broken":{"minecraft:stone_pickaxe":1},"minecraft:killed_by":{"minecraft:creeper":2,"minecraft:stray":1,"minecraft:spider":1,"minecraft:zombie":2},"minecraft:picked_up":{"minecraft:porkchop":10,"minecraft:spruce_sapling":1,"minecraft:dirt":98,"minecraft:rabbit":3,"minecraft:cobblestone":119,"minecraft:poppy":1,"minecraft:rabbit_hide":1,"minecraft:crafting_table":3,"minecraft:snowball":4,"minecraft:arrow":1,"minecraft:torch":3,"minecraft:bone":6,"minecraft:raw_copper":27,"minecraft:rotten_flesh":1,"minecraft:raw_iron":17,"minecraft:andesite":1,"minecraft:spruce_log":15,"minecraft:brown_mushroom":1,"minecraft:coal":59,"minecraft:stone_pickaxe":1,"minecraft:stone_sword":1,"minecraft:furnace":2,"minecraft:granite":28,"minecraft:gunpowder":2},"minecraft:dropped":{"minecraft:stone_sword":1,"minecraft:stone_pickaxe":1,"minecraft:dirt":1}},"DataVersion":4438}